"Text";"Code"
"print";"print()"
print hello word;print('Hello word')
display hello word in the terminal;print('Hello word')
output hello word;print('Hello word')
output hello word in the terminal;print('Hello word')
change hello world in print statement to x;print(x)
print variable x; print(x)
verify the output of variable;print(x)
print a formated string; print(f"")
print a formated string of variable x; print(f"{x}")
create a function; def ():
create a function named add; def add():\n pass
create a function called add; def add():\n pass
create a function named add; def add():\n pass
create a function named add that adds two numbers;def add(a, b):\n    return a + b
create a function named add that adds two variables;def add(a, b):\n    return a + b
create a function named add that sums two numbers;def add(a, b):\n    return a + b
create a function named add that adds two numbers a and b;def add(a, b):\n    return a + b
create a function named add that adds two variables a and b;def add(a, b):\n    return a + b
create a function named add that sums two numbers a and b;def add(a, b):\n    return a + b
create a function subtrats add that subtrats two numbers;def add(a, b):\n    return a - b
create a function subtrats add that subtrats two variables;def add(a, b):\n    return a - b
create a function subtrats add that minuses two numbers;def add(a, b):\n    return a - b
create a function subtrats add that minuses two variables;def add(a, b):\n    return a - b
create a function minuses add that subtrats two numbers;def add(a, b):\n    return a - b
create a function minuses add that subtrats two variables;def add(a, b):\n    return a - b
create a function minuses add that minuses two numbers;def add(a, b):\n    return a - b
create a function minuses add that minuses two variables;def add(a, b):\n    return a - b
create a function subtrats add that subtrats two numbers a and b;def add(a, b):\n    return a - b
create a function subtrats add that subtrats two variables a and b;def add(a, b):\n    return a - b
create a function subtrats add that minuses two numbers a and b;def add(a, b):\n    return a - b
create a function subtrats add that minuses two variables a and b;def add(a, b):\n    return a - b
create a function minuses add that subtrats two numbers a and b;def add(a, b):\n    return a - b
create a function minuses add that subtrats two variables a and b;def add(a, b):\n    return a - b
create a function minuses add that minuses two numbers a and b;def add(a, b):\n    return a - b
create a function minuses add that minuses two variables a and b;def add(a, b):\n    return a - b
create a function named multiply that multiplies two numbers;def add(a, b):\n    return a * b
create a function named multiply that multiplies two variables;def add(a, b):\n    return a * b
create a function named multiply that multiplies two numbers a and b;def add(a, b):\n    return a * b
create a function named multiply that multiplies two variables a and b;def add(a, b):\n    return a * b
make a function; def ():
make a function named add; def add():\n pass
make a function called add; def add():\n pass
make a function named add; def add():\n pass
make a function named add that adds two numbers;def add(a, b):\n    return a + b
make a function named add that adds two variables;def add(a, b):\n    return a + b
make a function named add that sums two numbers;def add(a, b):\n    return a + b
make a function named add that adds two numbers a and b;def add(a, b):\n    return a + b
make a function named add that adds two variables a and b;def add(a, b):\n    return a + b
make a function named add that sums two numbers a and b;def add(a, b):\n    return a + b
make a function subtrats add that subtrats two numbers;def add(a, b):\n    return a - b
make a function subtrats add that subtrats two variables;def add(a, b):\n    return a - b
make a function subtrats add that minuses two numbers;def add(a, b):\n    return a - b
make a function subtrats add that minuses two variables;def add(a, b):\n    return a - b
make a function minuses add that subtrats two numbers;def add(a, b):\n    return a - b
make a function minuses add that subtrats two variables;def add(a, b):\n    return a - b
make a function minuses add that minuses two numbers;def add(a, b):\n    return a - b
make a function minuses add that minuses two variables;def add(a, b):\n    return a - b
make a function subtrats add that subtrats two numbers a and b;def add(a, b):\n    return a - b
make a function subtrats add that subtrats two variables a and b;def add(a, b):\n    return a - b
make a function subtrats add that minuses two numbers a and b;def add(a, b):\n    return a - b
make a function subtrats add that minuses two variables a and b;def add(a, b):\n    return a - b
make a function minuses add that subtrats two numbers a and b;def add(a, b):\n    return a - b
make a function minuses add that subtrats two variables a and b;def add(a, b):\n    return a - b
make a function minuses add that minuses two numbers a and b;def add(a, b):\n    return a - b
make a function minuses add that minuses two variables a and b;def add(a, b):\n    return a - b
make a function named multiply that multiplies two numbers;def add(a, b):\n    return a * b
make a function named multiply that multiplies two variables;def add(a, b):\n    return a * b
make a function named multiply that multiplies two numbers a and b;def add(a, b):\n    return a * b
make a function named multiply that multiplies two variables a and b;def add(a, b):\n    return a * b
generate a function; def ():
generate a function named add; def add():\n pass
generate a function called add; def add():\n pass
generate a function named add; def add():\n pass
generate a function named add that adds two numbers;def add(a, b):\n    return a + b
generate a function named add that adds two variables;def add(a, b):\n    return a + b
generate a function named add that sums two numbers;def add(a, b):\n    return a + b
generate a function named add that adds two numbers a and b;def add(a, b):\n    return a + b
generate a function named add that adds two variables a and b;def add(a, b):\n    return a + b
generate a function named add that sums two numbers a and b;def add(a, b):\n    return a + b
generate a function subtrats add that subtrats two numbers;def add(a, b):\n    return a - b
generate a function subtrats add that subtrats two variables;def add(a, b):\n    return a - b
generate a function subtrats add that minuses two numbers;def add(a, b):\n    return a - b
generate a function subtrats add that minuses two variables;def add(a, b):\n    return a - b
generate a function minuses add that subtrats two numbers;def add(a, b):\n    return a - b
generate a function minuses add that subtrats two variables;def add(a, b):\n    return a - b
generate a function minuses add that minuses two numbers;def add(a, b):\n    return a - b
generate a function minuses add that minuses two variables;def add(a, b):\n    return a - b
generate a function subtrats add that subtrats two numbers a and b;def add(a, b):\n    return a - b
generate a function subtrats add that subtrats two variables a and b;def add(a, b):\n    return a - b
generate a function subtrats add that minuses two numbers a and b;def add(a, b):\n    return a - b
generate a function subtrats add that minuses two variables a and b;def add(a, b):\n    return a - b
generate a function minuses add that subtrats two numbers a and b;def add(a, b):\n    return a - b
generate a function minuses add that subtrats two variables a and b;def add(a, b):\n    return a - b
generate a function minuses add that minuses two numbers a and b;def add(a, b):\n    return a - b
generate a function minuses add that minuses two variables a and b;def add(a, b):\n    return a - b
generate a function named multiply that multiplies two numbers;def add(a, b):\n    return a * b
generate a function named multiply that multiplies two variables;def add(a, b):\n    return a * b
generate a function named multiply that multiplies two numbers a and b;def add(a, b):\n    return a * b
generate a function named multiply that multiplies two variables a and b;def add(a, b):\n    return a * b
create a class;class name:\n    def __init__(self):\n    pass